horizon_m,base_downgrade_rate,coef,t_stat,n_months
1,0.012785,0.640556,7.560866,216
3,0.037417,1.993552,12.288695,214
6,0.070991,4.045276,17.484936,211
