,n_months,coef,t_nw
calm,205.0,0.035495,1.259252
stress,12.0,0.566111,3.682986
